BEGIN TRANSACTION;

INSERT INTO users (username,password_hash,role) VALUES ('user','$2a$08$UkVvwpULis18S19S5pZFn.YHPZt3oaqHZnDwqbCW9pft6uFtkXKDC','ROLE_USER');
INSERT INTO users (username,password_hash,role) VALUES ('admin','$2a$08$UkVvwpULis18S19S5pZFn.YHPZt3oaqHZnDwqbCW9pft6uFtkXKDC','ROLE_ADMIN');

INSERT INTO location_type (location_type_name) VALUES ('Parks');
INSERT INTO location_type (location_type_name) VALUES ('Bars');
INSERT INTO location_type (location_type_name) VALUES ('Stadiums');

INSERT INTO location (location_type_name, location_name, location_latitude, location_longitude, location_description, location_sun_open, location_sun_close, location_mon_open, location_mon_close, location_tue_open, location_tue_close, location_wed_open, location_wed_close, location_thu_open, location_thu_close, location_fri_open, location_fri_close, location_sat_open, location_sat_close, location_img_url, location_info_url)
     VALUES ('Parks', 'Wendy Park', 41.4991564, -81.7138946, 'Lakefront tree-lined park offering fishing & boating opportunities, plus volleyball courts.', '6:00 AM', '11:00 PM', '6:00 AM', '11:00 PM', '6:00 AM', '11:00 PM', '6:00 AM', '11:00 PM', '6:00 AM', '11:00 PM', '6:00 AM', '11:00 PM', '6:00 AM', '11:00 PM', 'https://www.clevelandmetroparks.com/getmedia/0e6ec9e9-e7a2-4173-a853-80d1b202606f/Wendy-Park-Paddle-Access_LAN_8178.ashx?h=300&w=500&mode=crop&scale=both', 'https://www.clevelandmetroparks.com/parks/visit/parks/lakefront-reservation/wendy-park');
INSERT INTO location (location_type_name, location_name, location_latitude, location_longitude, location_description, location_sun_open, location_sun_close, location_mon_open, location_mon_close, location_tue_open, location_tue_close, location_wed_open, location_wed_close, location_thu_open, location_thu_close, location_fri_open, location_fri_close, location_sat_open, location_sat_close, location_img_url, location_info_url)
     VALUES ('Parks', 'Settlers Park', 41.4966056, -81.7013211, 'Connecting the Warehouse District with the Flats, Canal Basin Park, and the Towpath Trail, Settlers Landing is a scenic place to relax or enjoy recreation.', '6:00 AM', '9:00 PM', '6:00 AM', '9:00 PM', '6:00 AM', '9:00 PM', '6:00 AM', '9:00 PM', '6:00 AM', '9:00 PM', '6:00 AM', '9:00 PM', '6:00 AM', '9:00 PM', 'https://images.squarespace-cdn.com/content/v1/5d31da3c98e9ae0001ed27bc/1659106924653-UCGQ0M4GBMCKH2UZQ768/96E1E3F5-1417-4607-86D4-A83F6F2FD5FF.jpeg', 'https://warehousedistrict.org/settlers-landing');
INSERT INTO location (location_type_name, location_name, location_latitude, location_longitude, location_description, location_sun_open, location_sun_close, location_mon_open, location_mon_close, location_tue_open, location_tue_close, location_wed_open, location_wed_close, location_thu_open, location_thu_close, location_fri_open, location_fri_close, location_sat_open, location_sat_close, location_img_url, location_info_url)
     VALUES ('Bars', 'Collision Bend Brewing Company', 41.4986853, -81.7037735, 'Collision Bend Brewing Company is an artisanal brewery and full-service restaurant, featuring crisp, bright beers brewed on site, served alongside a menu inspired by Cleveland’s melting pot.', '11:30 AM', '5:00 PM','11:30 AM', '9:00 PM', '11:30 AM', '9:00 PM', '11:30 AM', '9:00 PM', '11:30 AM', '9:00 PM', '11:30 AM', '11:00 PM', '11:30 AM', '11:00 PM', 'https://www.collisionbendbrewery.com/wp-content/uploads/2020/11/patio-300x271.jpg', 'https://www.collisionbendbrewery.com/');
INSERT INTO location (location_type_name, location_name, location_latitude, location_longitude, location_description, location_sun_open, location_sun_close, location_mon_open, location_mon_close, location_tue_open, location_tue_close, location_wed_open, location_wed_close, location_thu_open, location_thu_close, location_fri_open, location_fri_close, location_sat_open, location_sat_close, location_img_url, location_info_url)
     VALUES ('Bars', 'Butcher and the Brewer', 41.4991465, -81.6900132, 'The passionate culinary team, which includes an in-house butcher and charcutier, has created a farmhouse-inspired menu drawing on local ingredients, ethnic flavors, and artisan products.', '3:00 PM', '9:00 PM', 'Closed', '', '3:00 PM', '10:00 PM', '3:00 PM', '10:00 PM', '3:00 PM', '10:00 PM', '12:00 PM', '11:00 PM', '12:00 PM', '11:00 PM', 'https://www.dimitarchitects.com/wp-content/gf-uploads/2020/07/DimitArchitects_ButcherandBrewer_10.jpg', 'http://www.butcherandthebrewer.com/');
INSERT INTO location (location_type_name, location_name, location_latitude, location_longitude, location_description, location_sun_open, location_sun_close, location_mon_open, location_mon_close, location_tue_open, location_tue_close, location_wed_open, location_wed_close, location_thu_open, location_thu_close, location_fri_open, location_fri_close, location_sat_open, location_sat_close, location_img_url, location_info_url)
     VALUES ('Bars', 'Barley House', 41.5005667, -81.6991611, 'Twenty+ craft beers on tap. Sidewalk cafe, beautiful cabanas, private patio, open main dining area, 50 inch flat screen TVss. A perfect setting for any occasion.', '8:00 AM', '12:00 AM', 'Closed', '', 'Closed', '', '3:00 PM', '2:00 AM', '3:00 PM', '12:00 AM', '3:00 PM', '2:00 AM', '12:00 PM', '2:00 AM', 'https://media-cdn.tripadvisor.com/media/photo-s/28/be/52/9e/welcome-to-our-upscale.jpg', 'https://www.thisiscleveland.com/locations/barley-house');
INSERT INTO location (location_type_name, location_name, location_latitude, location_longitude, location_description, location_sun_open, location_sun_close, location_mon_open, location_mon_close, location_tue_open, location_tue_close, location_wed_open, location_wed_close, location_thu_open, location_thu_close, location_fri_open, location_fri_close, location_sat_open, location_sat_close, location_img_url, location_info_url)
     VALUES ('Bars', 'BrewDog Cleveland Outpost', 41.492705, -81.698024, 'Kitted out with an incredible bar with 28 taps pouring a mix of BrewDog and other local craft brewers, an awesome patio with river views, fire pits, and outdoor games - where you can even bring your dog to enjoy the space.', '11:00 AM', '10:00 PM', '11:00 AM', '11:00 PM', '11:00 AM', '11:00 PM', '11:00 AM', '11:00 PM', '11:00 AM', '11:00 PM', '11:00 AM', '12:00 AM', '11:00 AM', '12:00 AM', 'https://images.ctfassets.net/b0qgo9rl751g/jvNkbzBb4ge4VqNlGgtN1/6723e612a308c581008662554b4d8fa3/brewdog_cleveland_beer_school_08thoct2021.jpg', 'https://www.brewdog.com/usa/cleveland');
INSERT INTO location (location_type_name, location_name, location_latitude, location_longitude, location_description, location_sun_open, location_sun_close, location_mon_open, location_mon_close, location_tue_open, location_tue_close, location_wed_open, location_wed_close, location_thu_open, location_thu_close, location_fri_open, location_fri_close, location_sat_open, location_sat_close, location_img_url, location_info_url)
     VALUES ('Bars', 'Great Lakes Brewing Company', 41.4844029, -81.7045326, 'Founded in 1988 by brothers Patrick and Daniel Conway in Cleveland’s Ohio City neighborhood, Great Lakes Brewing Co. (GLBC) is Ohio’s original craft brewery.', '11:00 AM', '4:00 PM', '12:00 PM', '10:00 PM', '12:00 PM', '10:00 PM', '12:00 PM', '10:00 PM', '12:00 PM', '10:00 PM', '12:00 PM', '11:00 PM', '11:30 AM', '11:00 PM', 'https://images.squarespace-cdn.com/content/v1/5055e59ce4b02b42cb30023c/44363970-1fc4-4e0d-9b11-10b278fb17ba/GLBC+20221019+exterior+%281%29.JPG', 'https://www.greatlakesbrewing.com/');
INSERT INTO location (location_type_name, location_name, location_latitude, location_longitude, location_description, location_sun_open, location_sun_close, location_mon_open, location_mon_close, location_tue_open, location_tue_close, location_wed_open, location_wed_close, location_thu_open, location_thu_close, location_fri_open, location_fri_close, location_sat_open, location_sat_close, location_img_url, location_info_url)
     VALUES ('Stadiums', 'Progressive Field', 41.4958921, -81.6852949, 'Progressive Field is a world-class facility that was created expressly for baseball, specifically for Cleveland. This urban ballpark and Cleveland landmark offers a fan-friendly facility within an intimate environment.', 'Closed', '', 'Closed', '', '10:00 AM', '4:00 PM', '10:00 AM', '4:00 PM', '10:00 AM', '4:00 PM', '10:00 AM', '4:00 PM', '10:00 AM', '4:00 PM', 'https://ewscripps.brightspotcdn.com/dims4/default/b00ce73/2147483647/strip/true/crop/5983x3366+4+351/resize/1280x720!/quality/90/?url=http%3A%2F%2Fewscripps-brightspot.s3.amazonaws.com%2F6c%2F9f%2F359a1c8642e4b1c7f574bb52bdb0%2F20180524-dsc0515.jpg', 'https://www.mlb.com/guardians/ballpark');
INSERT INTO location (location_type_name, location_name, location_latitude, location_longitude, location_description, location_sun_open, location_sun_close, location_mon_open, location_mon_close, location_tue_open, location_tue_close, location_wed_open, location_wed_close, location_thu_open, location_thu_close, location_fri_open, location_fri_close, location_sat_open, location_sat_close, location_img_url, location_info_url)
     VALUES ('Stadiums', 'Cleveland Browns Stadium', 41.5060535, -81.6995481, 'Cleveland Browns Stadium proudly hosts the Cleveland Browns, as well as many other events including: concerts, international soccer games, high school and college football games, and much more!', 'Closed', '', '8:30 AM', '5:30 PM', '8:30 AM', '5:30 PM', '8:30 AM', '5:30 PM', '8:30 AM', '5:30 PM', '8:30 AM', '5:30 PM', 'Closed', '', 'https://static.clubs.nfl.com/image/private/t_editorial_landscape_12_desktop/browns/ysdeofhyoptjahosiwce', 'https://clevelandbrownsstadium.com/');
INSERT INTO location (location_type_name, location_name, location_latitude, location_longitude, location_description, location_sun_open, location_sun_close, location_mon_open, location_mon_close, location_tue_open, location_tue_close, location_wed_open, location_wed_close, location_thu_open, location_thu_close, location_fri_open, location_fri_close, location_sat_open, location_sat_close, location_img_url, location_info_url)
     VALUES ('Stadiums', 'Rocket Mortgage FieldHouse', 41.4965474, -81.6880574, 'Home to the NBA Cleveland Cavaliers, the AHL Cleveland Monsters, and host to the best entertainment in the region, Rocket Mortgage FieldHouse welcomes close to two million guests to 200+ events each year, including world-class concerts and family shows.', 'Closed', '', '10:00 AM', '5:00 PM', '10:00 AM', '5:00 PM', '10:00 AM', '5:00 PM', '10:00 AM', '5:00 PM', '10:00 AM', '5:00 PM', 'Closed', '', 'https://media-s3-us-east-1.ceros.com/cleveland-cavaliers/images/2022/03/31/3ee7b923c8cecf9edad3675e16b3c246/0x0.jpg', 'https://www.rocketmortgagefieldhouse.com/');

INSERT INTO rewards (username, amount_bars_visited, amount_parks_visited, amount_stadiums_visited, all_bars_visited, all_parks_visited, all_stadiums_visited, all_places_visited) VALUES ('user', 0, 0, 0, false, false, false, false);

COMMIT TRANSACTION;
